{
  "system_info": {
    "platform": "macOS-26.2-arm64-arm-64bit-Mach-O",
    "processor": "arm",
    "python": "3.14.0",
    "cpu_count": 10,
    "memory": "0.0 GB (approx)"
  },
  "timestamp": 1762809787.432437,
  "results": {
    "votes_1": {
      "name": "Single Vote",
      "count": 1000,
      "total_time": 0.0007750370859866962,
      "mean": 7.750370859866961e-07,
      "median": 7.499984349124134e-07,
      "stdev": 3.1389900218761076e-07,
      "min_time": 6.659975042566657e-07,
      "max_time": 6.499998562503606e-06,
      "throughput": 1290260.8379402962,
      "per_item_ns": 775.0370859866962
    },
    "votes_100": {
      "name": "100 Votes",
      "count": 10000,
      "total_time": 0.006873713980894536,
      "mean": 6.873713980894536e-05,
      "median": 6.860400026198477e-05,
      "stdev": 3.352959585258461e-06,
      "min_time": 6.349999603116885e-05,
      "max_time": 7.537499914178625e-05,
      "throughput": 1454817.5888311567,
      "per_item_ns": 687.3713980894536
    },
    "votes_1000": {
      "name": "1,000 Votes",
      "count": 100000,
      "total_time": 0.06276957595400745,
      "mean": 0.0006276957595400746,
      "median": 0.0006264794974413235,
      "stdev": 2.0193195163997232e-05,
      "min_time": 0.0005947909958194941,
      "max_time": 0.0006986250009504147,
      "throughput": 1593128.4938625686,
      "per_item_ns": 627.6957595400745
    },
    "votes_10000": {
      "name": "10,000 Votes",
      "count": 100000,
      "total_time": 0.06921604201488663,
      "mean": 0.006921604201488662,
      "median": 0.006965562999539543,
      "stdev": 0.0001267058722807715,
      "min_time": 0.006658457998128142,
      "max_time": 0.007071791995258536,
      "throughput": 1444751.7813643913,
      "per_item_ns": 692.1604201488663
    },
    "blocks_1": {
      "name": "Single Block",
      "count": 1000,
      "total_time": 0.0005903681012568995,
      "mean": 5.903681012568995e-07,
      "median": 5.830006557516754e-07,
      "stdev": 9.311161313244412e-08,
      "min_time": 5.00003807246685e-07,
      "max_time": 3.1669987947680056e-06,
      "throughput": 1693858.455209538,
      "per_item_ns": 590.3681012568995
    },
    "blocks_100": {
      "name": "100 Blocks",
      "count": 10000,
      "total_time": 0.00572225202631671,
      "mean": 5.72225202631671e-05,
      "median": 5.704200157197192e-05,
      "stdev": 7.104152052851552e-07,
      "min_time": 5.662500188918784e-05,
      "max_time": 6.20420032646507e-05,
      "throughput": 1747563.7133789062,
      "per_item_ns": 572.225202631671
    },
    "blocks_1000": {
      "name": "1,000 Blocks",
      "count": 100000,
      "total_time": 0.060376704976079054,
      "mean": 0.0006037670497607905,
      "median": 0.0005974374980723951,
      "stdev": 2.4721593359864463e-05,
      "min_time": 0.0005762079963460565,
      "max_time": 0.0006924999979673885,
      "throughput": 1656267.927168591,
      "per_item_ns": 603.7670497607905
    },
    "blocks_10000": {
      "name": "10,000 Blocks",
      "count": 100000,
      "total_time": 0.06092125100258272,
      "mean": 0.0060921251002582725,
      "median": 0.006096812499890802,
      "stdev": 0.00011766312531011873,
      "min_time": 0.005849000001035165,
      "max_time": 0.006337291997624561,
      "throughput": 1641463.3375759234,
      "per_item_ns": 609.2125100258272
    },
    "sha256_32": {
      "name": "SHA-256 32B",
      "count": 10000,
      "total_time": 0.003772654898057226,
      "mean": 3.772654898057226e-07,
      "median": 3.7500285543501377e-07,
      "stdev": 9.236041857297711e-08,
      "min_time": 2.9199873097240925e-07,
      "max_time": 8.791001164354384e-06,
      "throughput": 2650653.2588362694,
      "per_item_ns": 377.2654898057226
    },
    "sha256_256": {
      "name": "SHA-256 256B",
      "count": 10000,
      "total_time": 0.004510313076025341,
      "mean": 4.510313076025341e-07,
      "median": 4.579997039400041e-07,
      "stdev": 2.1255512042240583e-07,
      "min_time": 3.749955794773996e-07,
      "max_time": 1.6584002878516912e-05,
      "throughput": 2217140.9903128897,
      "per_item_ns": 451.03130760253407
    },
    "sha256_1024": {
      "name": "SHA-256 1024B",
      "count": 10000,
      "total_time": 0.007438187021762133,
      "mean": 7.438187021762133e-07,
      "median": 7.499984349124134e-07,
      "stdev": 7.421122838921624e-08,
      "min_time": 6.67001586407423e-07,
      "max_time": 5.999994755256921e-06,
      "throughput": 1344413.6280444001,
      "per_item_ns": 743.8187021762133
    },
    "sha256_8192": {
      "name": "SHA-256 8192B",
      "count": 10000,
      "total_time": 0.03854933621187229,
      "mean": 3.854933621187229e-06,
      "median": 3.834000381175429e-06,
      "stdev": 5.633669634642554e-07,
      "min_time": 3.6659985198639333e-06,
      "max_time": 5.420800152933225e-05,
      "throughput": 259407.83895833298,
      "per_item_ns": 3854.933621187229
    },
    "is_accepted": {
      "name": "is_accepted",
      "count": 10000,
      "total_time": 0.001409294047334697,
      "mean": 1.4092940473346972e-07,
      "median": 1.2500095181167126e-07,
      "stdev": 3.2358087337473334e-08,
      "min_time": 8.299684850499034e-08,
      "max_time": 2.0420047803781927e-06,
      "throughput": 7095751.251424304,
      "per_item_ns": 140.9294047334697
    },
    "get_preference": {
      "name": "get_preference",
      "count": 10000,
      "total_time": 0.0011870719463331625,
      "mean": 1.1870719463331625e-07,
      "median": 1.2500095181167126e-07,
      "stdev": 2.9157577750109058e-08,
      "min_time": 4.1996827349066734e-08,
      "max_time": 2.0410006982274354e-06,
      "throughput": 8424089.231398119,
      "per_item_ns": 118.70719463331625
    },
    "get_stats": {
      "name": "get_stats",
      "count": 10000,
      "total_time": 0.0016416168364230543,
      "mean": 1.6416168364230543e-07,
      "median": 1.66997779160738e-07,
      "stdev": 4.36047722385231e-08,
      "min_time": 8.400093065574765e-08,
      "max_time": 2.583001332823187e-06,
      "throughput": 6091555.458086775,
      "per_item_ns": 164.16168364230543
    }
  }
}